instructorId,name,gender,startDate,specialty
1,Jo-ann Schlagh,Female,1/2/2015,Yoga
2,Nevsa De Gogay,Female,9/7/2016,Art
3,Gretel Goldster,Female,7/6/2015,Meditation
4,Ellie Haylett,Female,4/5/2017,Fitness
5,Claire Valance,Male,5/20/2018,Music
6,Cele Lunney,Female,7/26/2018,Dance
7,Aida Jovey,Female,11/11/2020,Art
8,Dunn Meachen,Male,1/20/2020,Yoga
9,Alexis Munson,Male,6/22/2021,Art
10,Roxi Canape,Female,11/4/2020,Art
11,Kip Holt,Male,12/4/2022,Cooking
12,Stephenie Manginot,Female,7/12/2017,Music
13,Petr Couche,Male,9/24/2016,Cooking
14,Richardo Cattle,Male,1/17/2023,Music
15,Emanuele Braybrooke,Male,11/17/2021,Meditation
16,Anthea Pfaffel,Female,4/10/2021,Fitness
17,Ezechiel Gerleit,Male,3/6/2017,Fitness
18,Marilin Adami,Female,7/10/2020,Cooking
19,Rickie De Vaan,Male,7/20/2023,Crafts
20,Stanton Donhardt,Male,9/19/2015,Gardening
21,Darwin Lethby,Male,4/18/2024,Fitness
22,Chucho Lowdham,Male,4/17/2021,Crafts
23,Ellene Bewlay,Female,3/19/2018,Crafts
24,Iago Damper,Male,7/2/2023,Fitness
25,Skye Fitzpayn,Male,12/20/2021,Gardening
26,Alayne Dunguy,Female,1/15/2021,Art
27,Shandy Maywood,Female,5/16/2017,Art
28,Carlos Widdison,Male,6/1/2015,Dance
29,Byrle Cluett,Male,6/25/2024,Fitness
30,Brynn Maruszewski,Female,3/10/2015,Meditation
31,Raffarty Hansod,Male,10/16/2019,Crafts
32,Hamlin Imm,Male,3/12/2018,Music
33,Sharona Chainey,Female,12/12/2016,Yoga
34,Thorny Everett,Male,7/8/2018,Art
35,Abba D'Elias,Male,3/14/2019,Reading
36,Gavra Youens,Female,5/3/2018,Art
37,Ferdinanda Fotheringham,Female,10/29/2024,Yoga
38,Sandi Blesdill,Female,8/2/2019,Art
39,Amalee Pimbley,Female,8/13/2024,Crafts
40,Dominique Barnwall,Female,7/1/2017,Yoga
41,Filberte Writer,Male,5/22/2024,Yoga
42,Sunny Bloys,Female,3/27/2021,Cooking
43,Nicolais Castelletti,Male,1/12/2015,Music
44,Shaughn McKernon,Male,4/24/2015,Reading
45,Frants Sizey,Male,7/9/2022,Crafts
46,Saundra Pendrey,Female,4/29/2017,Music
47,Chas Jiggen,Male,8/1/2019,Cooking
48,Far Crosio,Male,3/29/2015,Music
49,Gaylor Korda,Male,7/12/2021,Reading
50,Humfrey Traice,Male,7/30/2024,Reading
51,Klaus Keppel,Male,4/1/2021,Meditation
52,Herman Sherwell,Male,9/29/2017,Reading
53,Mina MacFie,Female,1/12/2017,Gardening
54,Ivie Popley,Female,10/5/2015,Gardening
55,Chuck Duthie,Male,11/27/2016,Yoga
56,Lindsey Greensite,Male,6/3/2018,Dance
57,Renault Melendez,Male,4/1/2017,Meditation
58,Renae Clacson,Female,8/20/2015,Yoga
59,Dietrich Heathfield,Male,10/3/2019,Yoga
60,Chaddie Chown,Male,12/14/2024,Cooking
61,Skip Galbreth,Male,8/27/2017,Fitness
62,Lance Curwood,Male,8/6/2020,Music
63,Elianora Simoneton,Female,5/19/2024,Yoga
64,Zebulen Headey,Male,5/26/2022,Art
65,Adina Feldfisher,Female,1/16/2016,Fitness
66,Elyssa Secrett,Female,5/23/2015,Fitness
67,Doro Veare,Female,10/5/2021,Gardening
68,Skylar Logg,Male,6/13/2015,Fitness
69,Silvanus Dymond,Male,9/12/2015,Yoga
70,Isidore Biaggioli,Male,12/10/2017,Gardening
71,Holly-anne Lerway,Female,5/6/2019,Yoga
72,Valera Alexis,Female,4/26/2024,Fitness
73,Kipp Tyrwhitt,Male,12/18/2020,Fitness
74,Bibbie Gentry,Female,7/8/2017,Crafts
75,Umberto Macek,Male,10/6/2023,Reading
76,Isabel Bygrove,Female,10/5/2019,Fitness
77,Paulita Clendinning,Female,1/4/2021,Dance
78,Ginnifer Mandres,Female,4/16/2019,Gardening
79,Dal Flaxon,Male,3/18/2017,Reading
80,Ivy Cullimore,Female,8/4/2022,Meditation
81,Alfie Crispe,Female,3/17/2020,Yoga
82,Frankie Handlin,Female,3/26/2018,Reading
83,Farlee Lohoar,Male,1/18/2025,Dance
84,Rosemaria Dodamead,Female,12/16/2024,Art
85,Deeann Ivakhnov,Female,1/17/2016,Fitness
86,Royall O'Scandall,Male,9/3/2023,Meditation
87,Charla Nijs,Female,10/5/2022,Dance
88,Curtis Beggio,Male,3/1/2020,Music
89,Dare Bratton,Male,9/13/2020,Dance
90,Edmon Churchin,Male,5/17/2017,Crafts
91,Lazare Tyreman,Male,2/23/2016,Gardening
92,Kory Lindblom,Male,12/28/2019,Reading
93,Loria Vernham,Female,1/31/2016,Reading
94,Melonie Carss,Female,3/31/2021,Dance
95,Dorie Boynes,Male,7/17/2022,Fitness
96,Adams Seson,Male,12/28/2022,Art
97,Karleen Francombe,Female,6/26/2023,Music
98,Iver Skilbeck,Male,12/16/2015,Crafts
99,Jaine Macey,Female,4/10/2016,Cooking
100,Sky Mazzilli,Male,12/8/2024,Fitness
101,Dita Ingarfield,Female,3/10/2020,Art
102,Roxanna Filippello,Female,11/7/2024,Cooking
103,Cherry Jerome,Female,12/27/2022,Art
104,Ethe Caras,Male,10/27/2024,Yoga
105,Emmey Shirt,Female,2/6/2024,Cooking
106,Donica Yushankin,Female,12/3/2024,Crafts
107,Herbert Plenty,Male,12/7/2018,Art
108,Ailbert Abelov,Male,11/24/2016,Music
109,Mitchael Domek,Male,4/19/2016,Yoga
110,Elinor Antognetti,Female,5/9/2015,Yoga
111,Tyrone Woolham,Male,9/23/2024,Gardening
112,Malissa Howkins,Female,7/25/2024,Dance
113,Rube Bench,Male,7/31/2019,Dance
114,Kristos Steckings,Male,1/23/2022,Art
115,Jayne Blyth,Female,3/20/2025,Dance
116,Harriot Poole,Female,4/5/2018,Art
117,Cherey Rance,Female,1/15/2018,Cooking
118,Archy Hamper,Male,6/29/2020,Meditation
119,Web Cully,Male,3/11/2016,Cooking
120,Samara Duddan,Female,12/16/2017,Crafts
121,Harper Lepard,Male,7/7/2020,Gardening
122,Horacio Birdwistle,Male,12/4/2017,Crafts
123,Lenee Ilott,Female,3/13/2025,Cooking
124,Del Saylor,Female,7/25/2015,Crafts
125,Daryl Moger,Male,9/29/2015,Yoga
126,Alyssa Tubbs,Female,7/14/2019,Yoga
127,Palm Calveley,Male,4/28/2021,Meditation
128,Heall Crook,Male,12/23/2016,Music
129,Courtney Coolson,Female,12/12/2024,Art
130,Westley De Roeck,Male,10/17/2019,Yoga
131,Josee Swateridge,Female,9/4/2019,Art
132,Dennet Burnel,Male,12/7/2018,Fitness
133,Regan Renvoise,Male,12/18/2016,Dance
134,Page Espinheira,Male,10/25/2022,Cooking
135,Ambrosius Bedbrough,Male,11/2/2021,Crafts
136,Marlow Gouinlock,Male,9/29/2020,Art
137,Berta Mercik,Female,7/18/2024,Yoga
138,Tannie Picknett,Male,8/22/2015,Dance
139,Jase Spurdle,Male,3/2/2016,Meditation
140,Ruthie Lorenzo,Female,8/9/2023,Fitness
141,Aubert Parysowna,Male,7/17/2024,Fitness
142,Terence Fancet,Male,4/17/2022,Gardening
143,Nellie Ruos,Female,9/21/2024,Dance
144,Elene Carlson,Female,10/30/2022,Crafts
145,Marita Biddlecombe,Female,10/22/2020,Crafts
146,Sharai MacLoughlin,Female,8/20/2024,Yoga
147,Zaneta Lisamore,Female,10/28/2023,Cooking
148,Wash Devote,Male,2/24/2015,Dance
149,Waly O'Caherny,Female,11/10/2016,Art
150,Calla Nelane,Female,7/10/2024,Crafts
151,Tomi Emanuelov,Female,1/22/2017,Crafts
152,Odette Reder,Female,3/20/2017,Gardening
153,Linzy Niccolls,Female,4/27/2020,Meditation
154,Thorny Clutram,Male,9/21/2022,Crafts
155,Rivy Greville,Female,2/13/2025,Meditation
156,Sanders Fragino,Male,1/12/2024,Cooking
157,Leonie Graveston,Female,8/4/2019,Reading
158,Brad Riddington,Male,7/24/2023,Yoga
159,Imojean Keightley,Female,1/23/2023,Yoga
160,Muriel Robillart,Female,12/15/2022,Music
161,Nedda Bode,Female,12/2/2022,Gardening
162,Monica Bucklan,Female,6/4/2024,Crafts
163,Martguerita Auletta,Female,10/4/2020,Dance
164,Claudianus Frenzel;,Male,6/9/2016,Meditation
165,Freemon Kennea,Male,1/20/2018,Yoga
166,Carney Wattingham,Male,2/2/2018,Yoga
167,Lamont Do Rosario,Male,6/3/2019,Yoga
168,Land Selesnick,Male,2/15/2018,Crafts
169,Hermina Meineck,Female,1/21/2019,Reading
170,Raquela Blindermann,Female,7/25/2022,Cooking
171,Nell Addekin,Female,8/6/2023,Art
172,Codi Bedrosian,Male,2/23/2017,Crafts
173,Gusti Waite,Female,9/29/2022,Reading
174,Darya Gitsham,Female,12/29/2020,Fitness
175,Pyotr Poppleton,Male,12/8/2023,Fitness
176,Gustavo Buntain,Male,3/16/2024,Crafts
177,Evangelia Slee,Female,1/31/2022,Cooking
178,Kyle Kingdon,Female,1/3/2025,Meditation
179,Jenn Mattocks,Female,1/31/2023,Gardening
180,Elita Carslake,Female,4/4/2024,Crafts
181,Guthry Milkin,Male,5/19/2019,Art
182,Jeromy Lammers,Male,1/21/2023,Dance
183,Paxton Beagan,Male,10/7/2017,Cooking
184,Anabal McLugaish,Female,6/13/2018,Cooking
185,Markos Bennie,Male,11/4/2017,Cooking
186,Inez Haddon,Female,2/14/2024,Gardening
187,Timothy Coppins,Male,2/8/2024,Music
188,Gaspard Gerren,Male,12/7/2017,Music
189,Bertie Smieton,Female,1/5/2018,Music
190,Dennison Paolinelli,Male,7/2/2023,Art
191,Jesse Badrick,Male,3/15/2021,Music
192,Barnie Dilleston,Male,6/3/2021,Yoga
193,Kiah McVity,Female,10/30/2020,Gardening
194,Sam Wyles,Male,1/19/2023,Dance
195,Krysta Duhig,Female,6/15/2019,Meditation
196,Milly Jezard,Female,9/29/2016,Cooking
197,Marjy Jozefczak,Female,3/26/2019,Dance
198,Delora Puzey,Female,9/19/2018,Meditation
199,Kevin Deeming,Male,5/17/2024,Meditation
200,Dunc Spur,Male,10/12/2024,Art
201,Cammi Adin,Female,3/10/2020,Art
202,Sarah Fery,Female,12/29/2017,Reading
203,Clotilda Beddard,Female,5/3/2020,Gardening
204,Alvie Luckin,Male,10/1/2018,Reading
205,Vonni Olle,Female,4/11/2017,Meditation
206,Salmon Tremble,Male,7/1/2020,Music
207,Consolata McMichell,Female,12/6/2015,Cooking
208,Henry Parzizek,Male,4/22/2021,Music
209,Beaufort Vowles,Male,11/20/2018,Reading
210,Armstrong Saulter,Male,8/26/2016,Yoga
211,Charmine Spieght,Female,6/11/2018,Reading
212,Ginger Colin,Female,10/30/2019,Art
213,Becki Harrald,Female,11/30/2018,Fitness
214,Viki Lennarde,Female,12/12/2021,Cooking
215,Chelsie Lievesley,Female,11/12/2024,Crafts
216,Matthew Manuele,Male,11/7/2019,Fitness
217,Paul Loeber,Male,2/26/2019,Music
218,Bambi Mocquer,Female,4/14/2015,Art
219,Tucker Secret,Male,8/8/2015,Crafts
220,Stearne Oury,Male,2/19/2017,Dance
221,Edee Duignan,Female,10/14/2023,Art
222,Marion Peeters,Female,11/5/2017,Yoga
223,King Gonzalez,Male,11/9/2017,Music
224,Janenna Jurasz,Female,4/11/2021,Crafts
225,Rhodie Koppen,Female,12/1/2020,Reading
226,Audre Plumridge,Female,11/24/2020,Gardening
227,Lianna Semiras,Female,4/19/2022,Yoga
228,Lennie Gillbard,Male,10/1/2024,Meditation
229,Lynsey Furneaux,Female,4/17/2020,Yoga
230,Eada Doud,Female,2/18/2021,Art
231,Dionysus Duddridge,Male,7/22/2023,Reading
232,Sydelle Rickardes,Female,6/22/2015,Gardening
233,Raimund Savine,Male,5/2/2023,Reading
234,Falkner Bulle,Male,7/24/2024,Reading
235,Dulcine Archibald,Female,5/17/2020,Fitness
236,Erica Normansell,Female,8/29/2019,Art
237,Katerine Dumper,Female,7/23/2024,Music
238,Isiahi Tidcombe,Male,4/14/2018,Yoga
239,Orazio McCaughan,Male,9/22/2019,Dance
240,Lonee Goble,Female,5/23/2022,Meditation
241,Sayre Petracchi,Male,11/22/2021,Yoga
242,Inesita Nutkins,Female,11/6/2022,Yoga
243,Asher Lacase,Male,4/3/2021,Yoga
244,Shellie Rich,Female,11/9/2018,Crafts
245,Marian Duval,Female,12/1/2024,Meditation
246,Lotta Haslehurst,Female,7/20/2023,Yoga
247,Meta Ferrarone,Female,4/8/2017,Dance
248,Stacia Tukely,Female,1/15/2019,Cooking
249,Joanie Rilton,Female,1/20/2020,Yoga
250,Claudius Minchinden,Male,10/15/2019,Meditation
251,Timmie McAree,Female,9/2/2015,Gardening
252,Eugenia Croyser,Female,5/5/2017,Yoga
253,Normand Wightman,Male,12/21/2022,Yoga
254,Craggy Prandini,Male,3/7/2025,Reading
255,Paige Chamberlen,Male,9/27/2015,Yoga
256,Claudetta Minard,Female,8/18/2022,Fitness
257,Far Moreside,Male,2/24/2022,Music
258,Reinwald Salvage,Male,9/22/2022,Music
259,Emelda Bogace,Female,6/28/2020,Art
260,Waylon MacFayden,Male,12/26/2022,Reading
261,Armando Everwin,Male,2/17/2022,Dance
262,Ichabod Mitcham,Male,12/25/2018,Fitness
263,Alon Creenan,Male,3/10/2017,Cooking
264,Karyl Eckly,Female,3/30/2022,Crafts
265,Vail McLaughlin,Male,7/15/2015,Meditation
266,Brad Jamot,Male,4/27/2024,Dance
267,Adan Conkie,Male,12/27/2021,Reading
268,Blair Boreland,Male,4/4/2017,Fitness
269,Lil Vezey,Female,3/20/2020,Reading
270,Glenine Campa,Female,11/8/2019,Dance
271,Goran Hawyes,Male,1/6/2023,Crafts
272,Latrena McCathy,Female,1/21/2022,Fitness
273,Jerrome Sennett,Male,1/17/2025,Music
274,Leslie Luety,Female,7/25/2019,Art
275,Lynnea Thornley,Female,1/10/2021,Cooking
276,Shanda Donahue,Female,8/19/2018,Art
277,Stanislaw Deinhard,Male,5/27/2024,Gardening
278,Tyler Tatlock,Male,4/24/2020,Gardening
279,Bryant Baynard,Male,12/9/2020,Gardening
280,Elsey Morston,Female,4/26/2022,Art
281,Lorant Anniwell,Male,4/12/2022,Yoga
282,Ramonda Wimlett,Female,2/21/2020,Fitness
283,Bernadene Grzelak,Female,7/7/2017,Cooking
284,Rourke Alabastar,Male,7/4/2024,Crafts
285,Jamaal Lippett,Male,1/31/2016,Art
286,Byrom Gebbe,Male,3/31/2022,Reading
287,Nobe Willgoose,Male,8/17/2023,Meditation
288,Ely Shimony,Male,3/6/2023,Gardening
289,Abbie Warnock,Male,9/15/2020,Crafts
290,Elsie Sanbroke,Female,4/18/2024,Meditation
291,Gladys Gittis,Female,10/24/2020,Fitness
292,Jed Saurat,Male,3/13/2018,Crafts
293,Hadria Foxcroft,Female,7/5/2019,Crafts
294,Amberly Moulsdall,Female,8/6/2015,Reading
295,Launce Gleave,Male,5/16/2022,Music
296,Nita Ginnaly,Female,8/28/2024,Reading
297,Wally Rothwell,Female,1/23/2022,Dance
298,Hall Legerwood,Male,9/11/2017,Fitness
299,Shaine Lackney,Male,7/19/2020,Music
300,Amos Gowlett,Male,10/1/2015,Meditation
301,Norby Pettie,Male,12/18/2017,Meditation
302,Marley Angrick,Female,10/20/2021,Meditation
303,Lenore Aveline,Female,8/15/2018,Fitness
304,Corry Spurgin,Female,10/27/2018,Yoga
305,Hayden Giottoi,Male,9/27/2024,Gardening
306,Shannan Yablsley,Male,12/23/2017,Cooking
307,Nancey Larkworthy,Female,7/23/2020,Fitness
308,Mallory Catmull,Male,9/4/2016,Gardening
309,Sigrid Theis,Female,6/11/2019,Dance
310,Hermina Berens,Female,10/9/2015,Crafts
311,Toinette Gettings,Female,3/3/2022,Meditation
312,Aleda Bagott,Female,12/3/2024,Art
313,Jeanne Baumadier,Female,7/22/2022,Music
314,Herculie Kingzet,Male,10/17/2018,Dance
315,Elston Pople,Male,5/4/2021,Gardening
316,Gabriella Manlow,Female,1/25/2022,Cooking
317,Darda Bewshea,Female,6/30/2018,Fitness
318,Christine Toma,Female,7/23/2020,Dance
319,Dilly Weinberg,Male,2/28/2018,Fitness
320,Kriste Minney,Female,8/11/2019,Fitness
321,Dinny Flippelli,Female,9/24/2015,Reading
322,Korney Blackway,Female,4/24/2016,Art
323,Jerrie Gilardone,Male,12/9/2018,Reading
324,Murvyn Corbin,Male,7/4/2023,Yoga
325,Konstance Clearie,Female,12/26/2016,Music
326,Fernando Scarfe,Male,12/23/2019,Cooking
327,Clarita Sedgeman,Female,6/2/2016,Fitness
328,Nana Claypole,Female,8/16/2021,Crafts
329,Abdul Kenealy,Male,10/15/2023,Yoga
330,Leonid Middlemist,Male,2/24/2024,Reading
331,Madison Matuskiewicz,Male,12/4/2023,Reading
332,Finlay Wolledge,Male,5/25/2023,Reading
333,Marcelo Dixie,Male,4/1/2022,Gardening
334,Tonya Haylor,Female,11/20/2018,Fitness
335,Elysee Hoy,Female,9/23/2016,Yoga
336,Antonella Crump,Female,1/29/2015,Dance
337,Rourke Rhodus,Male,11/18/2015,Crafts
338,Ofelia Fassman,Female,5/12/2019,Yoga
339,Alvie Biaggi,Male,5/19/2015,Reading
340,Fredrika Liversage,Female,7/25/2020,Yoga
341,Sander Casaro,Male,6/8/2016,Dance
342,Margette Edling,Female,12/18/2017,Cooking
343,Fran Andreazzi,Female,7/25/2020,Dance
344,Jenilee Rettie,Female,2/14/2016,Art
345,Osborn Booker,Male,3/21/2021,Art
346,Melisa Trustie,Female,4/27/2018,Fitness
347,Andreas Rowlin,Male,11/6/2024,Dance
348,Aldrich Boatwright,Male,6/11/2023,Crafts
349,Kenton Alexsandrowicz,Male,5/20/2017,Meditation
350,Ewart Farfull,Male,1/17/2015,Meditation
351,Henrieta Abrashkin,Female,11/24/2018,Dance
352,Maxie Rickarsey,Female,11/17/2018,Cooking
353,Barny Huddart,Male,6/26/2018,Fitness
354,Brittany Popping,Female,11/16/2020,Yoga
355,Rena Alenov,Female,10/8/2023,Cooking
356,Essa Isaak,Female,8/7/2018,Cooking
357,Binky Manger,Male,5/10/2024,Reading
358,Philbert Male,Male,7/15/2023,Meditation
359,Sheba Valentetti,Female,4/22/2016,Yoga
360,Kellina Belcham,Female,3/6/2019,Meditation
361,Delmore Chillistone,Male,4/8/2023,Gardening
362,Larine Cantua,Female,11/5/2022,Art
363,Pail Reuven,Male,6/10/2017,Reading
364,Murray Degoix,Male,8/10/2016,Crafts
365,Antonia Blues,Female,10/19/2021,Meditation
366,Kile Lorenc,Male,12/2/2024,Art
367,Lucius Tomley,Male,1/11/2023,Reading
368,Ricardo Dukes,Male,2/9/2023,Reading
369,Tallia Passo,Female,9/7/2024,Yoga
370,Jo-ann Gerckens,Female,5/1/2024,Crafts
371,Gideon Graeser,Male,4/8/2023,Fitness
372,Thayne Siddele,Male,12/7/2015,Gardening
373,Orlan Goodere,Male,8/23/2015,Reading
374,Steffen Copnell,Male,4/15/2019,Music
375,Zarla Brinsford,Female,8/23/2022,Gardening
376,Frederich McMurray,Male,10/2/2023,Reading
377,Layla Hawkins,Female,9/29/2018,Dance
378,Stephan McAuslan,Male,11/4/2018,Reading
379,Jean Faier,Male,6/22/2020,Fitness
380,Hardy Hammant,Male,10/11/2019,Crafts
381,Romola Flinders,Female,4/9/2016,Crafts
382,Remy Cosens,Female,10/30/2015,Dance
383,Isadora Raubheim,Female,9/11/2023,Reading
384,Shay Kahen,Male,11/11/2015,Art
385,Shawn Jefferies,Male,1/30/2025,Reading
386,Ambur Gallaway,Female,3/20/2023,Crafts
387,Thedric Palmar,Male,4/26/2020,Cooking
388,Loise Cardenosa,Female,11/16/2016,Gardening
389,Ali Dinneges,Male,9/12/2017,Dance
390,Troy O'Griffin,Male,11/28/2017,Reading
391,Eden McInulty,Female,8/10/2016,Meditation
392,Harp Calrow,Male,3/8/2024,Cooking
393,Kimbell Halvorsen,Male,11/2/2023,Cooking
394,Thatch Ironmonger,Male,10/18/2022,Crafts
395,Vaughan Umfrey,Male,10/19/2016,Fitness
396,Elden Custard,Male,11/14/2017,Yoga
397,Gaby Kornalik,Female,3/31/2016,Dance
398,Carlotta Baradel,Female,9/3/2016,Meditation
399,Corry Dredge,Female,6/21/2016,Meditation
400,Donall Axelby,Male,12/17/2019,Meditation
401,Allsun Abramov,Female,10/30/2021,Cooking
402,Siegfried Peirce,Male,1/28/2017,Dance
403,Temple Ziehms,Male,1/6/2021,Dance
404,Valina Lammert,Female,11/6/2016,Meditation
405,Katrinka Greathead,Female,7/23/2015,Meditation
406,Elissa Dyka,Female,2/2/2024,Dance
407,Staci Espine,Female,12/23/2021,Fitness
408,Sarina Dobbing,Female,12/26/2024,Music
409,Bram Hodgins,Male,3/16/2022,Fitness
410,Mahmud Grevatt,Male,4/11/2019,Cooking
411,Libby Jestico,Female,8/21/2017,Dance
412,Dulcie Mallalieu,Female,2/15/2017,Music
413,Geordie Lamborne,Male,1/9/2022,Gardening
414,Wye Williscroft,Male,7/16/2021,Art
415,Lorene Hearnshaw,Female,1/5/2015,Music
416,Derrek Hardson,Male,4/22/2016,Art
417,Janith Paniman,Female,6/27/2024,Fitness
418,Nickola Millberg,Male,1/28/2015,Dance
419,Annabela Arkcoll,Female,12/20/2017,Yoga
420,Patsy Grim,Male,11/25/2023,Dance
421,Gerhard Warr,Male,1/14/2021,Music
422,Lorine Grevatt,Female,6/3/2015,Art
423,Mariejeanne Ethington,Female,7/21/2017,Yoga
424,Dory Reynold,Male,6/10/2017,Music
425,Tilly Kibblewhite,Female,1/22/2020,Crafts
426,Jana Jedrys,Female,2/7/2019,Yoga
427,Gerick Gutsell,Male,2/8/2022,Crafts
428,Rufe Blench,Male,6/6/2024,Yoga
429,Jasun Borge,Male,10/12/2021,Gardening
430,Mitchel Bellingham,Male,7/11/2024,Reading
431,Stella Bockmann,Female,12/18/2021,Crafts
432,Fidelity Gorner,Female,3/8/2019,Reading
433,Gavra Baber,Female,5/6/2023,Cooking
434,Drud McIlwaine,Male,10/9/2021,Reading
435,Ermengarde Fronczak,Female,3/21/2015,Meditation
436,Chip Tulloch,Male,2/17/2015,Art
437,Lorri Tubby,Female,5/27/2021,Music
438,Hamish MacFadyen,Male,3/22/2019,Crafts
439,Dennie Legan,Female,6/18/2018,Crafts
440,Arnaldo Keitley,Male,6/7/2020,Music
441,Shelba Woolens,Female,8/2/2020,Meditation
442,Eberhard Lilian,Male,5/15/2023,Yoga
443,Corabella Willers,Female,3/22/2016,Music
444,Robers Baroux,Male,12/24/2017,Reading
445,Dugald Bachellier,Male,12/28/2016,Meditation
446,Alexi Sisse,Female,7/17/2022,Yoga
447,Chloe Dorin,Female,3/19/2020,Dance
448,Esme Karsh,Male,9/6/2019,Gardening
449,Bessy Cubbon,Female,5/3/2020,Dance
450,Livvyy Schneider,Female,6/27/2019,Yoga
451,Cherey Shadwick,Female,6/14/2019,Dance
452,Calhoun Ruck,Male,5/15/2015,Gardening
453,Weider Coulston,Male,6/30/2015,Dance
454,Cosmo Jakoub,Male,8/26/2017,Gardening
455,Koo Rigden,Female,2/13/2017,Cooking
456,Collie Rollings,Female,2/14/2018,Dance
457,Caron Sheridan,Female,1/16/2018,Dance
458,Tootsie Easdon,Female,2/25/2025,Gardening
459,Ax Beare,Male,10/18/2023,Yoga
460,Freida Emblow,Female,4/20/2024,Gardening
461,Brendon Warstall,Male,10/10/2021,Reading
462,Gav Menghi,Male,12/25/2022,Music
463,Arnoldo Wason,Male,3/6/2023,Art
464,Scarface Ronaghan,Male,4/19/2015,Fitness
465,Neill Strickler,Male,5/21/2022,Meditation
466,Jacki Over,Female,5/22/2023,Music
467,Kyla Ainscow,Female,5/14/2024,Meditation
468,Berne Parfett,Male,9/8/2019,Meditation
469,Domenic Luard,Male,12/29/2019,Crafts
470,Devon Koubu,Female,7/8/2023,Crafts
471,Ursulina Blaxall,Female,4/14/2023,Reading
472,Zea Owbridge,Female,3/6/2019,Reading
473,Giselle Bush,Female,4/7/2018,Meditation
474,Aldon Sherbrook,Male,3/17/2022,Yoga
475,Frannie Thatcher,Male,12/26/2015,Cooking
476,Archie Auden,Male,6/4/2021,Dance
477,Loreen Millin,Female,3/28/2022,Cooking
478,Silvan Rayburn,Male,4/12/2023,Reading
479,Rica Spurryer,Female,11/1/2024,Dance
480,Rey Choulerton,Male,11/13/2020,Meditation
481,Sheela Dwyer,Female,7/22/2019,Art
482,Perri Bilverstone,Female,5/7/2024,Dance
483,Natasha Jones,Female,5/8/2019,Art
484,Reggis Ferryn,Male,5/27/2019,Gardening
485,Sammy Cornthwaite,Male,9/24/2023,Meditation
486,Baird Caherny,Male,4/2/2017,Art
487,Lisha Pfeiffer,Female,8/14/2015,Cooking
488,Michel Tomaello,Male,2/11/2025,Dance
489,Wallis Danneil,Male,4/9/2024,Yoga
490,Cherise Giacaponi,Female,7/17/2022,Meditation
491,Marti Exon,Female,9/26/2017,Crafts
492,Killy Piecha,Male,7/26/2015,Fitness
493,Skelly Caush,Male,11/22/2023,Dance
494,Issy Timmens,Female,3/31/2022,Yoga
495,Deane Blaxley,Male,4/7/2019,Cooking
496,Pincas Pinilla,Male,3/5/2020,Fitness
497,Adan Brasse,Female,2/19/2015,Music
498,Thorny Everest,Male,9/24/2019,Meditation
499,Alexi Collicott,Female,10/4/2018,Cooking
500,Ephrayim Melpuss,Male,7/22/2017,Fitness
501,Marty Knapton,Female,1/18/2018,Art
502,Bonita Ochterlony,Female,9/25/2022,Yoga
503,Keefe Kenneford,Male,2/10/2015,Cooking
504,Reena Fadden,Female,8/9/2017,Crafts
505,Anastassia Morgue,Female,3/23/2022,Art
506,Rosabelle Matteau,Female,1/20/2023,Music
507,Darius Smogur,Male,8/1/2015,Cooking
508,Nickie Spridgeon,Male,8/28/2017,Gardening
509,Christos Couldwell,Male,10/13/2022,Music
510,Star Ishaki,Female,9/30/2015,Yoga
511,Obadiah Schachter,Male,6/5/2015,Yoga
512,Flinn Bartalucci,Male,1/20/2024,Yoga
513,Nigel Renouf,Male,3/5/2024,Gardening
514,Gregg Baunton,Male,2/25/2015,Fitness
515,Lolly Flury,Female,3/17/2020,Art
516,Hy Martins,Male,2/6/2017,Music
517,Stephenie Swalowe,Female,4/22/2023,Music
518,Dew Ianiello,Male,10/11/2018,Meditation
519,Teodoro Bartolacci,Male,4/19/2015,Music
520,Olivette O'Hear,Female,6/17/2022,Art
521,Lorraine Raw,Female,4/15/2024,Crafts
522,Madelena de Juares,Female,11/7/2020,Reading
523,Brooks Caseley,Male,3/24/2018,Dance
524,Judon Redish,Male,10/1/2015,Music
525,Halley Fussen,Female,12/14/2023,Meditation
526,Vaughn Mabbs,Male,7/7/2016,Gardening
527,Kristofer Marians,Male,8/24/2021,Gardening
528,Janene Balderson,Female,10/17/2024,Music
529,Britte Eykelhof,Female,11/9/2018,Art
530,Karlik Scurrer,Male,7/3/2024,Meditation
531,Johnathan Halhead,Male,11/23/2023,Music
532,Tulley Sacher,Male,4/20/2017,Dance
533,Curry Josiah,Male,9/1/2021,Gardening
534,Shep Hanniger,Male,5/28/2024,Meditation
535,Marius Sarfas,Male,7/28/2019,Meditation
536,Claus Farquar,Male,8/14/2015,Dance
537,Jacquelin Waryk,Female,7/12/2024,Cooking
538,Nolan Billyard,Male,11/19/2017,Gardening
539,Sydney Goby,Male,6/30/2019,Reading
540,Cordell Bockett,Male,4/5/2023,Meditation
541,Kalli Abrahams,Female,11/8/2015,Crafts
542,Doroteya Lazenbury,Female,8/2/2024,Music
543,Glenn Semmence,Male,7/4/2020,Yoga
544,Francklin Duffit,Male,6/1/2022,Fitness
545,Karlene Hearfield,Female,8/1/2023,Cooking
546,Giorgi Colclough,Male,7/12/2018,Crafts
547,Dallon Wands,Male,1/1/2024,Cooking
548,Boy Unthank,Male,1/7/2019,Crafts
549,Tristam Aspling,Male,6/11/2019,Meditation
550,Onida Baugh,Female,7/14/2024,Music
551,Gawain Mott,Male,12/22/2024,Yoga
552,Rebecka Gilders,Female,3/12/2015,Art
553,Blane Rice,Male,1/24/2015,Reading
554,Nady Glyssanne,Female,12/7/2023,Cooking
555,Clerc Salzberger,Male,10/19/2017,Crafts
556,Caril Rumney,Female,4/29/2017,Meditation
557,Maridel Wennington,Female,3/13/2025,Yoga
558,Enrico Kosel,Male,3/14/2022,Cooking
559,Barnebas Ledbetter,Male,9/29/2017,Meditation
560,Fredelia Livesey,Female,11/27/2022,Reading
561,Frances Kingcott,Female,4/27/2018,Music
562,Luciano Hearnes,Male,3/26/2023,Art
563,Tore Middlewick,Male,10/1/2018,Fitness
564,Marigold Kenworth,Female,6/10/2016,Art
565,Freeland Lowndes,Male,9/26/2024,Reading
566,Kahlil Willishire,Male,2/4/2018,Reading
567,Stacy Birkwood,Female,9/16/2021,Gardening
568,Kathye Atwill,Female,2/16/2022,Cooking
569,Deni Wink,Female,2/16/2022,Music
570,Sergio Borris,Male,6/13/2016,Music
571,Poul Greeve,Male,9/24/2022,Meditation
572,Dwayne Martinot,Male,3/23/2022,Gardening
573,Sadie Cornwell,Female,8/22/2017,Reading
574,Sonnie Lygo,Male,10/7/2021,Fitness
575,Wit Fassman,Male,1/7/2021,Crafts
576,Babara Joder,Female,10/17/2019,Gardening
577,Noe Piburn,Male,12/8/2023,Meditation
578,Heidie Brecher,Female,3/31/2015,Crafts
579,Joanna Jago,Female,11/14/2017,Yoga
580,Codi Kobera,Female,12/5/2020,Reading
581,Dory Mugford,Male,9/8/2015,Dance
582,Will Soppit,Male,10/15/2019,Gardening
583,Harley Trobe,Female,1/13/2016,Music
584,Hamid Tommei,Male,5/19/2019,Yoga
585,Sterne Hardiman,Male,6/27/2015,Reading
586,Leighton Andrus,Male,11/19/2016,Meditation
587,Georgeta Jellman,Female,12/14/2021,Gardening
588,Morty Batty,Male,4/5/2024,Meditation
589,Barth Cherrie,Male,11/2/2020,Cooking
590,Brooks Kliemann,Female,5/4/2016,Yoga
591,Gwenore Chappell,Female,12/19/2017,Gardening
592,Yance Shurville,Male,3/27/2019,Dance
593,Shanon Impey,Female,12/26/2016,Music
594,West McPhee,Male,6/1/2023,Reading
595,Berti Wickes,Female,10/15/2017,Music
596,Loleta Physic,Female,9/27/2017,Reading
597,Mavra Hallum,Female,1/27/2017,Meditation
598,Galen Crookall,Male,12/8/2015,Meditation
599,Werner Carman,Male,8/28/2023,Reading
600,Roddie Cashmore,Male,2/2/2019,Dance
601,Herbie Clampe,Male,6/14/2017,Music
602,Ross Greedier,Male,9/6/2021,Yoga
603,Raye McCorry,Female,7/28/2018,Reading
604,Callie Grane,Female,2/28/2017,Music
605,Allin Audsley,Male,6/4/2016,Fitness
606,Eldin Semble,Male,8/11/2016,Meditation
607,Clarisse Maylott,Female,3/12/2020,Dance
608,Urson Maudling,Male,6/6/2022,Gardening
609,Valentine Poxson,Female,7/30/2020,Gardening
610,Noland Blench,Male,1/1/2021,Yoga
611,Fonzie Heading,Male,5/3/2016,Music
612,Deina Dallmann,Female,3/4/2016,Art
613,Godard McAlpine,Male,9/12/2022,Cooking
614,Sashenka Allardyce,Female,2/11/2020,Music
615,Nanete Bissiker,Female,11/17/2016,Crafts
616,Iorgos Mackstead,Male,3/11/2018,Yoga
617,Harp Cursons,Male,8/21/2021,Crafts
618,Shannon Stubbings,Male,3/23/2017,Gardening
619,Rab Arter,Male,11/25/2015,Yoga
620,Rozele Bowler,Female,1/6/2019,Cooking
621,Greer Nayshe,Female,1/21/2023,Crafts
622,Blinnie Dobbs,Female,2/29/2016,Cooking
623,Gardner Sokale,Male,10/5/2024,Reading
624,Alonso Escot,Male,4/3/2020,Gardening
625,Dew Mollon,Male,4/22/2022,Dance
626,Kippar Dyter,Male,9/20/2018,Fitness
627,Ofella Drennan,Female,10/16/2020,Dance
628,Hersh Dowty,Male,11/17/2019,Cooking
629,Sibley Bastiman,Female,10/28/2018,Reading
630,Kathrine Bishop,Female,9/26/2017,Fitness
631,Abigael Batts,Female,10/15/2015,Music
632,Sherry Jacobbe,Female,2/14/2019,Art
633,Minnnie Spanswick,Female,12/6/2015,Yoga
634,Amery Marginson,Male,4/15/2018,Gardening
635,Kipp Abbatucci,Male,9/11/2024,Music
636,Jaymee Spendlove,Female,7/15/2019,Art
637,Alan Langford,Male,8/22/2023,Music
638,Cristionna Andrieu,Female,6/16/2024,Gardening
639,Yuma Peto,Male,5/9/2015,Fitness
640,Rutter Signe,Male,3/8/2017,Art
641,Marrissa Girodier,Female,4/10/2020,Cooking
642,Petronilla Huddlestone,Female,12/3/2017,Yoga
643,Dorella Parkisson,Female,9/1/2021,Cooking
644,Kayley Whitehead,Female,5/29/2020,Gardening
645,Mada McCart,Female,3/21/2023,Crafts
646,Sarene Foulis,Female,2/4/2017,Cooking
647,Anastassia Palphramand,Female,10/27/2017,Fitness
648,Clem Beard,Female,2/25/2017,Dance
649,Cassandre Mityushkin,Female,8/12/2023,Fitness
650,Cully Buckhurst,Male,11/21/2020,Cooking
651,Courtenay Hoyles,Female,5/31/2016,Cooking
652,Christabel Langfat,Female,9/30/2017,Art
653,Lee O'Mullaney,Female,4/17/2016,Fitness
654,Correy Matis,Female,12/14/2024,Reading
655,Belicia Bish,Female,10/26/2024,Meditation
656,Raviv Dooley,Male,12/31/2019,Meditation
657,Lennard Stainfield,Male,8/15/2016,Fitness
658,Leia Mattocks,Female,11/17/2017,Fitness
659,Marley Tesseyman,Female,7/28/2018,Art
660,Alix Errington,Male,4/5/2016,Art
661,Martelle Cloney,Female,12/14/2015,Reading
662,Norrie Jelliman,Male,11/9/2023,Fitness
663,Raeann Kidner,Female,2/13/2020,Fitness
664,Claire Ewenson,Male,11/1/2021,Music
665,Fredek Tolliday,Male,12/8/2020,Art
666,Veronica Staddon,Female,11/9/2022,Gardening
667,Carter Spehr,Male,3/16/2020,Reading
668,Morlee Smallshaw,Male,1/24/2020,Crafts
669,Ebony Cubbit,Female,3/3/2022,Crafts
670,Shir Dabrowski,Female,1/6/2024,Art
671,Ransell Mulhall,Male,1/9/2022,Dance
672,Berri MacCart,Female,6/6/2024,Dance
673,Birch Brokenshaw,Male,3/1/2022,Reading
674,Janene Fieldstone,Female,9/1/2022,Music
675,Keene Darrington,Male,7/5/2019,Reading
676,Stanley Omond,Male,5/16/2016,Gardening
677,Lucius Leaf,Male,4/28/2024,Reading
678,Tremayne Salaman,Male,1/4/2024,Art
679,Hy Ceschini,Male,11/28/2020,Meditation
680,Elane Clemes,Female,9/22/2021,Gardening
681,Sissie Halvosen,Female,7/12/2015,Fitness
682,Damian Gange,Male,1/14/2021,Gardening
683,Townie Pllu,Male,11/8/2020,Yoga
684,Naomi Whisker,Female,12/20/2024,Fitness
685,Cristian Elan,Male,7/22/2015,Dance
686,Theodor Scohier,Male,8/26/2019,Fitness
687,Rosemaria MacKenney,Female,8/12/2020,Yoga
688,Cherilyn Daber,Female,6/1/2021,Fitness
689,Boycey O'Crigan,Male,2/25/2024,Art
690,Honoria Whitmell,Female,12/18/2018,Music
691,Wynny Coie,Female,6/14/2021,Gardening
692,Stephanie Fernanando,Female,6/20/2020,Cooking
693,Nana Allmark,Female,12/26/2022,Cooking
694,Hunfredo Farady,Male,9/4/2019,Dance
695,Alf Davidovits,Male,2/27/2017,Fitness
696,Torrence Harder,Male,2/10/2016,Crafts
697,Marie-jeanne Sperling,Female,8/7/2019,Music
698,Thorsten Ingledew,Male,12/27/2023,Cooking
699,Judd Tran,Male,6/14/2023,Dance
700,Ruddie Goakes,Male,9/17/2023,Music
701,Joseph Sextie,Male,11/1/2020,Crafts
702,Hugibert Panniers,Male,1/6/2023,Cooking
703,Egbert Ebunoluwa,Male,7/8/2024,Reading
704,Marley Ormesher,Female,10/29/2024,Cooking
705,Pate Ipsley,Male,2/18/2025,Fitness
706,Stephanus Geard,Male,6/11/2017,Dance
707,Jermaine Bunner,Male,10/11/2015,Meditation
708,Sabina Lockner,Female,8/3/2022,Gardening
709,Wright Pittaway,Male,2/8/2023,Dance
710,Freddy Rosser,Female,6/20/2022,Cooking
711,Patin Southcott,Male,10/12/2024,Reading
712,Renee Tuckerman,Female,4/14/2016,Gardening
713,Araldo Laible,Male,7/31/2023,Yoga
714,Daren Casson,Male,11/14/2015,Crafts
715,Megen Hayne,Female,10/27/2015,Dance
716,Berkie Pargeter,Male,9/22/2024,Reading
717,June Martinez,Female,3/15/2025,Meditation
718,Marni Hacaud,Female,2/5/2018,Art
719,Massimo Eyres,Male,12/15/2020,Art
720,Clarisse Rockhill,Female,3/22/2018,Music
721,Lissa Andreev,Female,3/23/2016,Cooking
722,Cesare Dosedale,Male,9/30/2017,Dance
723,Diana Craster,Female,11/29/2018,Crafts
724,Coreen Standbrook,Female,7/3/2022,Gardening
725,Igor Witsey,Male,8/16/2023,Cooking
726,Arnie Cornick,Male,6/21/2017,Art
727,Conny Wagstaffe,Male,9/21/2024,Music
728,Casar Ingon,Male,10/11/2023,Crafts
729,Cher Girardez,Female,7/21/2023,Gardening
730,Cosette Weildish,Female,6/24/2018,Meditation
731,Dulsea Spalton,Female,12/27/2022,Music
732,Theresita Pittway,Female,6/30/2022,Fitness
733,Waldemar Cheley,Male,2/20/2020,Meditation
734,Francois Pinshon,Male,10/17/2022,Music
735,Delcine Tomaskov,Female,11/23/2017,Fitness
736,Janey Curbishley,Female,3/3/2015,Yoga
737,Bee Smetoun,Female,3/26/2016,Gardening
738,Bran MacPherson,Male,6/20/2022,Yoga
739,Normand Crucitti,Male,9/2/2019,Meditation
740,Matthew Balderson,Male,9/7/2015,Music
741,Jorrie Luckham,Female,3/19/2022,Reading
742,Arty Muller,Male,7/21/2019,Art
743,Jeniffer Fassbender,Female,6/12/2024,Gardening
744,Corry Rodwell,Female,6/3/2023,Yoga
745,Krystle Gingel,Female,10/21/2015,Meditation
746,Quintana O'Hartnett,Female,9/8/2019,Gardening
747,Car Dennick,Male,2/2/2016,Gardening
748,Tiebout Worboys,Male,4/18/2020,Gardening
749,Daven Browett,Male,11/19/2024,Dance
750,Nappie Wickstead,Male,10/28/2018,Art
751,Venita Gianiello,Female,12/7/2017,Crafts
752,Clemens Petrie,Male,2/21/2017,Yoga
753,Gladys Pfiffer,Female,9/21/2018,Crafts
754,Putnam Hold,Male,12/15/2016,Reading
755,Isis Ovise,Female,4/24/2018,Reading
756,Van Schwand,Female,4/10/2018,Music
757,Adler Scurman,Male,4/10/2019,Cooking
758,Luella Mergue,Female,4/27/2015,Reading
759,Anna-maria Crouse,Female,8/4/2021,Meditation
760,Alfy Szymanek,Male,1/7/2022,Meditation
761,Elisa Wollers,Female,9/28/2024,Art
762,Marcos Wilprecht,Male,7/18/2018,Gardening
763,Bertine Mccaull,Female,11/26/2019,Reading
764,Helli Fraine,Female,8/23/2022,Music
765,Stinky Spellissy,Male,11/27/2015,Meditation
766,Rebe Formigli,Female,9/3/2015,Music
767,Melly Josipovitz,Female,12/25/2016,Meditation
768,Norrie Asker,Male,9/24/2018,Music
769,Garrott Stannislawski,Male,3/16/2017,Gardening
770,Marylynne Vedikhov,Female,4/8/2021,Reading
771,Elwira Jiracek,Female,12/10/2022,Music
772,Edith Glisenan,Female,2/28/2021,Cooking
773,Minor Corder,Male,1/13/2020,Crafts
774,Neron Francescuzzi,Male,11/21/2019,Reading
775,Bradley Buchanan,Male,6/10/2016,Fitness
776,Kanya Roumier,Female,11/2/2022,Reading
777,Chane Bulcroft,Male,8/31/2022,Meditation
778,Corrie Wonter,Female,4/9/2022,Cooking
779,Jenifer Waind,Female,8/29/2021,Crafts
780,Josy Milmo,Female,11/1/2022,Crafts
781,Zaccaria Lattie,Male,8/31/2017,Art
782,Fara Valadez,Female,6/9/2021,Fitness
783,Beck Bau,Male,6/27/2022,Meditation
784,Cordula Galtone,Female,5/26/2021,Reading
785,Josiah Denecamp,Male,1/17/2022,Fitness
786,Wynne Christol,Female,6/24/2022,Cooking
787,Kitti Davern,Female,1/3/2015,Dance
788,Hildegaard Manville,Female,8/26/2015,Yoga
789,Greggory Becraft,Male,7/16/2018,Crafts
790,Philippa Pennycord,Female,2/20/2025,Cooking
791,Winifred Kilmaster,Female,5/22/2017,Meditation
792,Adorne Flatman,Female,4/3/2023,Yoga
793,Ambrosio Perfitt,Male,2/17/2020,Reading
794,Kanya Dowe,Female,7/19/2022,Crafts
795,Adelina Walkley,Female,6/11/2022,Art
796,Efrem Heape,Male,9/14/2015,Art
797,Manuel Lympany,Male,7/9/2021,Art
798,Rena O' Cuolahan,Female,1/24/2018,Dance
799,Dannie Janks,Female,3/3/2015,Gardening
800,Janith Treffrey,Female,7/23/2023,Reading
801,Rikki Fredi,Male,12/16/2024,Music
802,Janek Hellen,Male,11/7/2022,Fitness
803,Grady Ettles,Male,9/30/2015,Gardening
804,Kat Keepence,Female,5/11/2015,Crafts
805,Johnna Plum,Female,4/18/2022,Cooking
806,Ryon Pollicatt,Male,6/27/2021,Meditation
807,Bucky Fallawe,Male,4/29/2018,Cooking
808,Bond Setchell,Male,9/6/2016,Reading
809,Gilli Bisiker,Female,6/9/2019,Reading
810,Josh Goodanew,Male,10/1/2018,Gardening
811,Gage Palser,Male,7/15/2018,Crafts
812,Aristotle Donne,Male,12/12/2019,Fitness
813,Falito Hinckes,Male,1/28/2019,Art
814,Leslie Batcheldor,Female,10/17/2024,Fitness
815,Harrie Bebbell,Female,12/12/2019,Art
816,Cobbie Cappell,Male,2/19/2021,Reading
817,Nowell Mitchelmore,Male,10/3/2019,Fitness
818,Jean Carek,Female,11/19/2016,Meditation
819,Natalina Derks,Female,12/15/2019,Gardening
820,Shelden Suttle,Male,10/27/2019,Meditation
821,Lyn Ambrosi,Female,2/21/2022,Gardening
822,Jakob Dougherty,Male,6/29/2022,Crafts
823,Horace Stratiff,Male,3/11/2017,Yoga
824,Xymenes Cadore,Male,8/8/2019,Crafts
825,Amy Van den Hof,Female,8/21/2016,Yoga
826,Amelina Nicklinson,Female,9/25/2023,Crafts
827,Bert Warboy,Female,12/5/2022,Meditation
828,Stace Lago,Female,11/1/2020,Gardening
829,Maurene Di Filippo,Female,7/2/2024,Fitness
830,Bentlee Benck,Male,6/22/2015,Yoga
831,Pauly Rosander,Male,9/1/2021,Yoga
832,Fredra Bletsoe,Female,3/11/2020,Yoga
833,Rana McAree,Female,10/5/2021,Reading
834,Julissa Skirvin,Female,11/27/2019,Gardening
835,Masha Rafter,Female,4/3/2020,Cooking
836,Algernon Tames,Male,8/31/2023,Music
837,Merry Hitcham,Female,11/20/2024,Dance
838,Donalt Rubke,Male,3/7/2023,Meditation
839,Mamie Guitton,Female,4/30/2017,Gardening
840,Brew Bellfield,Male,11/4/2022,Reading
841,Halsy Vasquez,Male,4/26/2019,Yoga
842,Vale Maidens,Male,4/4/2016,Art
843,Curran Naptin,Male,4/25/2022,Fitness
844,Ned Ewbanks,Male,3/5/2023,Fitness
845,Maurice Burlingame,Male,10/27/2015,Music
846,Minetta Eddington,Female,5/10/2015,Cooking
847,Sonny Garlinge,Female,9/23/2020,Fitness
848,Giorgia Dawks,Female,3/11/2019,Dance
849,Ransom Maase,Male,4/26/2021,Cooking
850,Cece Peggram,Male,10/19/2018,Gardening
851,Lane Scruton,Male,4/22/2018,Gardening
852,Blaine Walworche,Male,9/20/2019,Gardening
853,Orran Lehrer,Male,10/5/2017,Yoga
854,Daffy Klein,Female,6/30/2015,Music
855,Fowler Carlino,Male,8/6/2016,Cooking
856,Nata McNeely,Female,5/30/2023,Gardening
857,Joel Maric,Male,1/27/2025,Reading
858,Jozef Duckham,Male,2/28/2020,Meditation
859,Inna Annis,Female,6/14/2023,Dance
860,Irene Malec,Female,6/25/2020,Dance
861,Jakie Axtens,Male,10/24/2023,Crafts
862,Geri Gordon,Female,5/29/2023,Fitness
863,Spike Powley,Male,9/6/2024,Cooking
864,Constance Hitchens,Female,11/23/2020,Yoga
865,Margery Lyndon,Female,11/22/2021,Fitness
866,Dorine Creber,Female,11/1/2022,Music
867,Dorian Howkins,Female,7/21/2022,Music
868,Neddie Davsley,Male,6/5/2015,Reading
869,Giusto Cawt,Male,8/6/2017,Crafts
870,Agosto Durtnell,Male,9/3/2020,Dance
871,Cleon Gouldthorpe,Male,2/18/2020,Art
872,Vally Allin,Female,4/13/2022,Gardening
873,Raleigh Doni,Male,2/24/2020,Meditation
874,Barnie Garfit,Male,1/10/2021,Fitness
875,Helli Moyne,Female,1/6/2018,Music
876,Liv Leser,Female,8/16/2024,Music
877,Meade Ambridge,Male,4/4/2024,Cooking
878,Addie Tomaszek,Male,12/9/2017,Music
879,Maribel Duthy,Female,5/28/2017,Yoga
880,Boris Trundell,Male,3/1/2018,Fitness
881,Ernest Janoschek,Male,1/27/2017,Gardening
882,Pru Farn,Female,2/13/2022,Fitness
883,Berny Loveard,Male,10/15/2021,Cooking
884,Jeremy Hoff,Male,4/28/2020,Yoga
885,Sella Blanchet,Female,5/19/2020,Dance
886,Michaelina Torel,Female,10/13/2015,Yoga
887,Shir Marquis,Female,5/7/2024,Crafts
888,Dominic Locker,Male,6/5/2021,Crafts
889,Happy Seagood,Female,3/12/2021,Meditation
890,Clarette Cattermoul,Female,12/10/2024,Music
891,Lorita Gorey,Female,4/1/2023,Cooking
892,Wandis Scougall,Female,3/29/2020,Cooking
893,Adriana Kiddle,Female,12/6/2024,Meditation
894,Anne Taile,Female,4/23/2015,Fitness
895,Aeriela Pocklington,Female,10/12/2024,Fitness
896,Donia Stockey,Female,8/21/2024,Dance
897,Gleda Heppner,Female,5/11/2021,Gardening
898,Engelbert Youings,Male,8/13/2015,Gardening
899,Deane Flannery,Male,7/13/2016,Music
900,Evey Naisey,Female,9/30/2021,Yoga
901,Roderich Dumbell,Male,12/29/2017,Fitness
902,Lezley Skepper,Male,2/14/2023,Reading
903,Elsworth Fake,Male,8/26/2018,Dance
904,Cassondra Zoanetti,Female,3/1/2025,Fitness
905,Denny Coldridge,Female,12/16/2019,Dance
906,Esmeralda Conyer,Female,1/3/2025,Yoga
907,Yance Mayne,Male,9/2/2023,Crafts
908,Elayne Da Costa,Female,8/26/2015,Yoga
909,Dolf Lofthouse,Male,1/6/2018,Dance
910,Shurwood Goodding,Male,4/22/2021,Reading
911,Jase Streeting,Male,6/30/2024,Cooking
912,Lamond Stansall,Male,1/1/2025,Fitness
913,Elladine Muddiman,Female,2/5/2017,Gardening
914,Dee Pollendine,Female,6/11/2018,Meditation
915,Baryram Staniland,Male,11/18/2019,Fitness
916,Joelly Wadsworth,Female,6/5/2023,Yoga
917,Pat Golton,Male,8/10/2021,Art
918,Gwenora Danilishin,Female,6/2/2023,Fitness
919,Kissiah Cops,Female,6/5/2023,Reading
920,Fran Matveiko,Female,1/7/2024,Art
921,Jared Elfe,Male,8/10/2015,Art
922,Farlee Aizikovitz,Male,2/19/2020,Meditation
923,Nancee Grafham,Female,5/26/2021,Music
924,Reilly Kemell,Male,10/29/2019,Music
925,Ursula Mays,Female,12/23/2022,Reading
926,Crissie Manderson,Female,10/11/2021,Meditation
927,Frederik Plevin,Male,4/4/2016,Dance
928,Jarred Murray,Male,2/9/2020,Crafts
929,Lauren Pavlik,Female,6/10/2022,Meditation
930,Othelia Marusik,Female,5/21/2016,Art
931,Libbie Knowlson,Female,10/23/2024,Fitness
932,Otes Neill,Male,6/14/2016,Crafts
933,Kippy Blakeslee,Male,2/3/2016,Dance
934,Moss Leece,Male,9/3/2021,Art
935,Archibald Del Castello,Male,1/8/2019,Art
936,Rosco Muckart,Male,12/28/2018,Fitness
937,Terza Loughan,Female,3/30/2016,Reading
938,Emmalynn Baike,Female,8/28/2021,Dance
939,Joby McGunley,Female,1/17/2016,Gardening
940,Alejoa Churchill,Male,10/17/2021,Music
941,Kissiah Methven,Female,4/12/2021,Meditation
942,Wayland Barrowclough,Male,11/12/2015,Crafts
943,Ariel Bramley,Female,1/25/2021,Yoga
944,Moira Corp,Female,5/12/2019,Crafts
945,Phillie Tittletross,Female,2/12/2019,Art
946,Maxim Shera,Male,8/8/2015,Cooking
947,Sander Lamyman,Male,10/4/2020,Fitness
948,Weider Schimon,Male,6/12/2015,Music
949,Jecho Kirstein,Male,2/11/2018,Art
950,Ursola McEnhill,Female,9/28/2020,Meditation
951,Jarrid Jansen,Male,2/1/2019,Dance
952,Harlene Ellingford,Female,5/11/2015,Art
953,Mae Morrow,Female,5/14/2023,Art
954,Thatch Cours,Male,2/14/2017,Gardening
955,Con Whatling,Male,3/28/2017,Art
956,Verne Ivory,Male,7/22/2015,Dance
957,Nicko Bande,Male,3/31/2023,Yoga
958,Alvis Bente,Male,10/21/2019,Music
959,Pippo Chadwen,Male,12/11/2018,Crafts
960,Bertha Van de Vlies,Female,7/12/2023,Cooking
961,Dore Cloutt,Female,12/14/2015,Crafts
962,Ida Jiran,Female,9/3/2023,Cooking
963,Gerda Willows,Female,10/13/2015,Gardening
964,Cecil Ferie,Female,7/15/2015,Reading
965,Roz Pumphreys,Female,12/22/2021,Music
966,Ranna Niblo,Female,1/1/2025,Yoga
967,Laurie Tipperton,Male,12/13/2021,Dance
968,Sashenka Ballentime,Female,10/24/2023,Crafts
969,Bourke Glassborow,Male,2/28/2016,Crafts
970,Normand Loy,Male,6/15/2016,Fitness
971,Cozmo Sawle,Male,12/25/2016,Reading
972,Nicola Geale,Female,11/9/2021,Cooking
973,Kyrstin Diviny,Female,9/21/2019,Meditation
974,Ermanno Trillow,Male,8/31/2019,Yoga
975,Ladonna Thorsen,Female,3/3/2020,Music
976,Wat Charteris,Male,6/9/2020,Music
977,Ermina Bowdon,Female,2/21/2025,Yoga
978,Brander Oakey,Male,2/4/2023,Art
979,Marlowe Postance,Male,11/10/2022,Meditation
980,Darrell Knath,Male,9/5/2019,Crafts
981,Courtney Pyner,Male,1/2/2020,Meditation
982,Broddie Oldfield,Male,11/6/2022,Crafts
983,Marjie Atherton,Female,4/2/2021,Cooking
984,Renado Spary,Male,6/16/2022,Reading
985,Trumann Claige,Male,11/1/2016,Meditation
986,Sadye Warton,Female,2/2/2015,Meditation
987,Dody Gifford,Female,5/8/2015,Music
988,Sebastian Nowill,Male,1/8/2025,Fitness
989,Olia Hannond,Female,10/2/2019,Fitness
990,Rodd Ledes,Male,9/2/2024,Fitness
991,Mariellen Wetherby,Female,7/29/2017,Yoga
992,Borden Mc Meekan,Male,11/23/2016,Meditation
993,Marshall Coghlin,Male,5/31/2016,Music
994,Carole Liddicoat,Female,7/1/2015,Reading
995,Dedra Bour,Female,10/5/2023,Cooking
996,Carlyn Langston,Female,6/12/2017,Crafts
997,Finlay McPake,Male,2/26/2015,Meditation
998,Gabby Wedlock,Male,10/18/2019,Cooking
999,Gracia Fuzzard,Female,1/11/2019,Art
1000,El Duffrie,Male,8/5/2023,Art
